filename,module_name,module_params,execution_time,passage_reranker_retrieval_recall,passage_reranker_retrieval_precision,passage_reranker_retrieval_f1,passage_reranker_retrieval_ndcg,passage_reranker_retrieval_map,passage_reranker_retrieval_mrr,is_best
0.parquet,koreranker,{'top_k': 3},0.29124229229413545,0.6346153846153846,0.21153846153846154,0.3173076923076923,0.5811560316277503,0.5625,0.5625,True
1.parquet,rankgpt,"{'top_k': 3, 'llm': 'openai'}",0.17382996815901536,0.5865384615384616,0.1955128205128205,0.2932692307692308,0.5161381517513761,0.4919871794871795,0.4919871794871795,False
2.parquet,upr,"{'top_k': 3, 'prefix_prompt': '단락: ', 'suffix_prompt': '위의 단락을 바탕으로 질문을 작성해주세요.'}",0.43965187439551723,0.3557692307692308,0.11858974358974358,0.1778846153846154,0.2878868008585196,0.2644230769230769,0.2644230769230769,False
