filename,module_name,module_params,execution_time,passage_reranker_retrieval_recall,passage_reranker_retrieval_precision,passage_reranker_retrieval_f1,passage_reranker_retrieval_ndcg,passage_reranker_retrieval_map,passage_reranker_retrieval_mrr,is_best
0.parquet,koreranker,{'top_k': 3},0.2793232177166229,0.8085106382978723,0.26950354609929084,0.40425531914893614,0.7928055214285726,0.7872340425531915,0.7872340425531915,True
1.parquet,rankgpt,"{'top_k': 3, 'llm': 'openai'}",0.12807586852540362,0.7872340425531915,0.26241134751773054,0.39361702127659576,0.7451855109422517,0.7304964539007093,0.7304964539007093,False
2.parquet,upr,"{'top_k': 3, 'prefix_prompt': '단락: ', 'suffix_prompt': '위의 단락을 바탕으로 질문을 작성해주세요.'}",0.29126239330210585,0.3404255319148936,0.11347517730496451,0.1702127659574468,0.29837700030395387,0.28368794326241137,0.28368794326241137,False
