filename,module_name,module_params,execution_time,retrieval_recall,retrieval_precision,retrieval_f1,retrieval_ndcg,retrieval_map,retrieval_mrr,is_best
0.parquet,vectordb,"{'top_k': 3, 'embedding_model': 'e5_large'}",0.040404702368236727,0.7523809523809524,0.2507936507936508,0.3761904761904762,0.4148504527210912,0.3015873015873016,0.3015873015873016,False
1.parquet,bm25,"{'top_k': 3, 'bm25_tokenizer': 'ko_kiwi'}",3.2459331353505454,0.6857142857142857,0.22857142857142856,0.34285714285714286,0.6437065132483005,0.6293650793650795,0.6293650793650795,True
2.parquet,hybrid_rrf,"{'top_k': 3, 'weight': 3.0, 'target_modules': ('vectordb', 'bm25'), 'target_module_params': ({'top_k': 3, 'embedding_model': 'e5_large'}, {'top_k': 3, 'bm25_tokenizer': 'ko_kiwi'})}",3.286337837718782,0.6571428571428571,0.21904761904761905,0.32857142857142857,0.4028282176530693,0.31587301587301586,0.31587301587301586,False
3.parquet,hybrid_cc,"{'top_k': 3, 'normalize_method': 'tmm', 'weight': 0.1, 'target_modules': ('vectordb', 'bm25'), 'target_module_params': ({'top_k': 3, 'embedding_model': 'e5_large'}, {'top_k': 3, 'bm25_tokenizer': 'ko_kiwi'})}",3.286337837718782,0.6857142857142857,0.22857142857142856,0.34285714285714286,0.6437065132483005,0.6293650793650795,0.6293650793650795,False
