filename,module_name,module_params,execution_time,passage_reranker_retrieval_recall,passage_reranker_retrieval_precision,passage_reranker_retrieval_f1,passage_reranker_retrieval_ndcg,passage_reranker_retrieval_map,passage_reranker_retrieval_mrr,is_best
0.parquet,koreranker,{'top_k': 3},0.09567382763016899,0.8301886792452831,0.2767295597484277,0.41509433962264153,0.8050866404818072,0.7963836477987422,0.7963836477987422,True
1.parquet,rankgpt,"{'top_k': 3, 'llm': 'openai'}",0.12414805956606595,0.8160377358490566,0.2720125786163522,0.4080188679245283,0.7776261111522935,0.7641509433962265,0.7641509433962265,False
2.parquet,upr,"{'top_k': 3, 'prefix_prompt': '단락: ', 'suffix_prompt': '위의 단락을 바탕으로 질문을 작성해주세요.'}",0.12488178712017131,0.47641509433962265,0.15880503144654085,0.23820754716981132,0.37701836135445155,0.34276729559748426,0.34276729559748426,False
