filename,module_name,module_params,execution_time,retrieval_recall,retrieval_precision,retrieval_f1,retrieval_ndcg,retrieval_map,retrieval_mrr,is_best
0.parquet,vectordb,"{'top_k': 3, 'embedding_model': 'e5_large'}",0.039182731817508566,0.6594827586206896,0.21982758620689655,0.3297413793103448,0.36914790554187493,0.27155172413793105,0.27155172413793105,False
1.parquet,bm25,"{'top_k': 3, 'bm25_tokenizer': 'ko_kiwi'}",3.174007136246254,0.5948275862068966,0.19827586206896552,0.2974137931034483,0.5613181284944604,0.5495689655172413,0.5495689655172413,True
2.parquet,hybrid_rrf,"{'top_k': 3, 'weight': 3.0, 'target_modules': ('vectordb', 'bm25'), 'target_module_params': ({'top_k': 3, 'embedding_model': 'e5_large'}, {'top_k': 3, 'bm25_tokenizer': 'ko_kiwi'})}",3.2131898680637625,0.5905172413793104,0.19683908045977014,0.2952586206896552,0.3620117024476677,0.28376436781609193,0.28376436781609193,False
3.parquet,hybrid_cc,"{'top_k': 3, 'normalize_method': 'tmm', 'weight': 0.1, 'target_modules': ('vectordb', 'bm25'), 'target_module_params': ({'top_k': 3, 'embedding_model': 'e5_large'}, {'top_k': 3, 'bm25_tokenizer': 'ko_kiwi'})}",3.2131898680637625,0.5948275862068966,0.19827586206896552,0.2974137931034483,0.5591629560806672,0.5466954022988506,0.5466954022988506,False
