filename,module_name,module_params,execution_time,retrieval_recall,retrieval_precision,retrieval_f1,retrieval_ndcg,retrieval_map,retrieval_mrr,is_best
0.parquet,vectordb,"{'top_k': 3, 'embedding_model': 'e5_large'}",0.031000318570374365,0.6515837104072398,0.2171945701357466,0.3257918552036199,0.36823735103426275,0.27300150829562597,0.27300150829562597,False
1.parquet,bm25,"{'top_k': 3, 'bm25_tokenizer': 'ko_kiwi'}",3.136238442287186,0.6470588235294118,0.2156862745098039,0.3235294117647059,0.5859170376373651,0.5648567119155353,0.5648567119155353,True
2.parquet,hybrid_rrf,"{'top_k': 3, 'weight': 3.0, 'target_modules': ('vectordb', 'bm25'), 'target_module_params': ({'top_k': 3, 'embedding_model': 'e5_large'}, {'top_k': 3, 'bm25_tokenizer': 'ko_kiwi'})}",3.1672387608575603,0.5972850678733032,0.19909502262443435,0.2986425339366516,0.36791107323853306,0.2895927601809955,0.2895927601809955,False
3.parquet,hybrid_cc,"{'top_k': 3, 'normalize_method': 'tmm', 'weight': 0.1, 'target_modules': ('vectordb', 'bm25'), 'target_module_params': ({'top_k': 3, 'embedding_model': 'e5_large'}, {'top_k': 3, 'bm25_tokenizer': 'ko_kiwi'})}",3.1672387608575603,0.6470588235294118,0.2156862745098039,0.3235294117647059,0.5819845930833898,0.5595776772247361,0.5595776772247361,False
