filename,module_name,module_params,execution_time,retrieval_recall,retrieval_precision,retrieval_f1,retrieval_ndcg,retrieval_map,retrieval_mrr,is_best
0.parquet,vectordb,"{'top_k': 10, 'embedding_model': 'e5_large'}",0.07838210281060666,0.8979591836734694,0.08979591836734693,0.16326530612244897,0.27227973775590675,0.10359572400388727,0.10359572400388727,False
1.parquet,bm25,"{'top_k': 10, 'bm25_tokenizer': 'ko_kiwi'}",3.3398533889225552,0.9183673469387755,0.09183673469387756,0.16697588126159554,0.7995304483615058,0.7613945578231291,0.7613945578231291,True
2.parquet,hybrid_rrf,"{'top_k': 10, 'weight': 3.0, 'target_modules': ('vectordb', 'bm25'), 'target_module_params': ({'top_k': 10, 'embedding_model': 'e5_large'}, {'top_k': 10, 'bm25_tokenizer': 'ko_kiwi'})}",3.418235491733162,0.8571428571428571,0.0857142857142857,0.15584415584415584,0.39585963407155705,0.24894719792678974,0.24894719792678974,False
3.parquet,hybrid_cc,"{'top_k': 10, 'normalize_method': 'tmm', 'weight': 0.0, 'target_modules': ('vectordb', 'bm25'), 'target_module_params': ({'top_k': 10, 'embedding_model': 'e5_large'}, {'top_k': 10, 'bm25_tokenizer': 'ko_kiwi'})}",3.418235491733162,0.9183673469387755,0.09183673469387756,0.16697588126159554,0.7995304483615058,0.7613945578231291,0.7613945578231291,False
