filename,module_name,module_params,execution_time,retrieval_recall,retrieval_precision,retrieval_f1,retrieval_ndcg,retrieval_map,retrieval_mrr,is_best
0.parquet,vectordb,"{'top_k': 10, 'embedding_model': 'e5_large'}",0.09768657906110896,0.760797342192691,0.0760797342192691,0.1383267894895802,0.24255222013701333,0.1005985339872383,0.1005985339872383,False
1.parquet,bm25,"{'top_k': 10, 'bm25_tokenizer': 'ko_kiwi'}",3.4554489831195716,0.7308970099667774,0.07308970099667775,0.132890365448505,0.5856838667006876,0.5394992880873279,0.5394992880873279,True
2.parquet,hybrid_rrf,"{'top_k': 10, 'weight': 3.0, 'target_modules': ('vectordb', 'bm25'), 'target_module_params': ({'top_k': 10, 'embedding_model': 'e5_large'}, {'top_k': 10, 'bm25_tokenizer': 'ko_kiwi'})}",3.5531355621806804,0.6910299003322259,0.06910299003322258,0.12564180006040473,0.33869590078484707,0.22761561989136736,0.22761561989136736,False
3.parquet,hybrid_cc,"{'top_k': 10, 'normalize_method': 'tmm', 'weight': 0.0, 'target_modules': ('vectordb', 'bm25'), 'target_module_params': ({'top_k': 10, 'embedding_model': 'e5_large'}, {'top_k': 10, 'bm25_tokenizer': 'ko_kiwi'})}",3.5531355621806804,0.7308970099667774,0.07308970099667775,0.132890365448505,0.5856838667006876,0.5394992880873279,0.5394992880873279,False
