filename,module_name,module_params,execution_time,passage_reranker_retrieval_recall,passage_reranker_retrieval_precision,passage_reranker_retrieval_f1,passage_reranker_retrieval_ndcg,passage_reranker_retrieval_map,passage_reranker_retrieval_mrr,is_best
0.parquet,koreranker,{'top_k': 3},0.09422208436953476,0.9019607843137255,0.3006535947712418,0.45098039215686275,0.8842194674603187,0.877995642701525,0.877995642701525,True
1.parquet,rankgpt,"{'top_k': 3, 'llm': 'openai'}",0.1778595821530211,0.8823529411764706,0.29411764705882354,0.4411764705882353,0.8420458598039241,0.8278867102396513,0.8278867102396513,False
2.parquet,upr,"{'top_k': 3, 'prefix_prompt': '단락: ', 'suffix_prompt': '위의 단락을 바탕으로 질문을 작성해주세요.'}",0.12837029438392789,0.49673202614379086,0.1655773420479303,0.24836601307189543,0.411374034570497,0.38235294117647056,0.38235294117647056,False
