filename,module_name,module_params,execution_time,retrieval_recall,retrieval_precision,retrieval_f1,retrieval_ndcg,retrieval_map,retrieval_mrr,is_best
0.parquet,vectordb,"{'top_k': 10, 'embedding_model': 'e5_large'}",0.053739652205049324,0.9101123595505618,0.09101123595505617,0.16547497446373854,0.2674415794265654,0.09512662742999822,0.09512662742999822,False
1.parquet,bm25,"{'top_k': 10, 'bm25_tokenizer': 'ko_kiwi'}",2.7335824377081366,0.8539325842696629,0.08539325842696628,0.15526046986721148,0.7215603050506367,0.6793071161048688,0.6793071161048688,True
2.parquet,hybrid_rrf,"{'top_k': 10, 'weight': 3.0, 'target_modules': ('vectordb', 'bm25'), 'target_module_params': ({'top_k': 10, 'embedding_model': 'e5_large'}, {'top_k': 10, 'bm25_tokenizer': 'ko_kiwi'})}",2.787322089913186,0.8202247191011236,0.08202247191011235,0.14913176710929524,0.39315165591162177,0.2580435170322811,0.2580435170322811,False
3.parquet,hybrid_cc,"{'top_k': 10, 'normalize_method': 'tmm', 'weight': 0.0, 'target_modules': ('vectordb', 'bm25'), 'target_module_params': ({'top_k': 10, 'embedding_model': 'e5_large'}, {'top_k': 10, 'bm25_tokenizer': 'ko_kiwi'})}",2.787322089913186,0.8539325842696629,0.08539325842696628,0.15526046986721148,0.7215603050506367,0.6793071161048688,0.6793071161048688,False
