filename,module_name,module_params,execution_time,retrieval_recall,retrieval_precision,retrieval_f1,retrieval_ndcg,retrieval_map,retrieval_mrr,is_best
0.parquet,vectordb,"{'top_k': 10, 'embedding_model': 'e5_large'}",0.10551642369823296,0.8739495798319328,0.08739495798319327,0.15889992360580604,0.25796177333875453,0.09252367613712151,0.09252367613712151,False
1.parquet,bm25,"{'top_k': 10, 'bm25_tokenizer': 'ko_kiwi'}",4.300901653385964,0.8823529411764706,0.08823529411764705,0.1604278074866311,0.7480901262181814,0.7070694944644523,0.7070694944644523,False
2.parquet,hybrid_rrf,"{'top_k': 10, 'weight': 3.0, 'target_modules': ('vectordb', 'bm25'), 'target_module_params': ({'top_k': 10, 'embedding_model': 'e5_large'}, {'top_k': 10, 'bm25_tokenizer': 'ko_kiwi'})}",4.406418077084196,0.8235294117647058,0.08235294117647056,0.1497326203208557,0.39418495406795456,0.25767973856209153,0.25767973856209153,False
3.parquet,hybrid_cc,"{'top_k': 10, 'normalize_method': 'tmm', 'weight': 0.0, 'target_modules': ('vectordb', 'bm25'), 'target_module_params': ({'top_k': 10, 'embedding_model': 'e5_large'}, {'top_k': 10, 'bm25_tokenizer': 'ko_kiwi'})}",4.406418077084196,0.8823529411764706,0.08823529411764705,0.1604278074866311,0.7528743568226067,0.7133720154728558,0.7133720154728558,True
