filename,module_name,module_params,execution_time,retrieval_recall,retrieval_precision,retrieval_f1,retrieval_ndcg,retrieval_map,retrieval_mrr,is_best
0.parquet,vectordb,"{'top_k': 10, 'embedding_model': 'e5_large'}",0.05954357776148566,0.7887931034482759,0.07887931034482758,0.14341692789968655,0.24813327048618838,0.10130678708264916,0.10130678708264916,False
1.parquet,bm25,"{'top_k': 10, 'bm25_tokenizer': 'ko_kiwi'}",2.896779438544964,0.7241379310344828,0.07241379310344828,0.1316614420062696,0.6080813144763704,0.5721230158730158,0.5721230158730158,True
2.parquet,hybrid_rrf,"{'top_k': 10, 'weight': 3.0, 'target_modules': ('vectordb', 'bm25'), 'target_module_params': ({'top_k': 10, 'embedding_model': 'e5_large'}, {'top_k': 10, 'bm25_tokenizer': 'ko_kiwi'})}",2.9563230163064493,0.6896551724137931,0.06896551724137931,0.12539184952978058,0.3298848234947,0.21658456486042693,0.21658456486042693,False
3.parquet,hybrid_cc,"{'top_k': 10, 'normalize_method': 'tmm', 'weight': 0.0, 'target_modules': ('vectordb', 'bm25'), 'target_module_params': ({'top_k': 10, 'embedding_model': 'e5_large'}, {'top_k': 10, 'bm25_tokenizer': 'ko_kiwi'})}",2.9563230163064493,0.7241379310344828,0.07241379310344828,0.1316614420062696,0.6080813144763704,0.5721230158730158,0.5721230158730158,False
