filename,module_name,module_params,execution_time,retrieval_recall,retrieval_precision,retrieval_f1,retrieval_ndcg,retrieval_map,retrieval_mrr,is_best
0.parquet,vectordb,"{'top_k': 3, 'embedding_model': 'e5_large'}",0.02379195536336591,0.7096774193548387,0.2365591397849462,0.3548387096774194,0.3918941617511558,0.28494623655913986,0.28494623655913986,False
1.parquet,bm25,"{'top_k': 3, 'bm25_tokenizer': 'ko_kiwi'}",3.0705155845611327,0.6370967741935484,0.2123655913978494,0.3185483870967742,0.5693135165898655,0.5456989247311828,0.5456989247311828,True
2.parquet,hybrid_rrf,"{'top_k': 3, 'weight': 3.0, 'target_modules': ('vectordb', 'bm25'), 'target_module_params': ({'top_k': 3, 'embedding_model': 'e5_large'}, {'top_k': 3, 'bm25_tokenizer': 'ko_kiwi'})}",3.0943075399244986,0.6048387096774194,0.2016129032258064,0.3024193548387097,0.3775861440956299,0.2997311827956989,0.2997311827956989,False
3.parquet,hybrid_cc,"{'top_k': 3, 'normalize_method': 'tmm', 'weight': 0.1, 'target_modules': ('vectordb', 'bm25'), 'target_module_params': ({'top_k': 3, 'embedding_model': 'e5_large'}, {'top_k': 3, 'bm25_tokenizer': 'ko_kiwi'})}",3.0943075399244986,0.6370967741935484,0.2123655913978494,0.3185483870967742,0.5652812585253494,0.5403225806451613,0.5403225806451613,False
