filename,module_name,module_params,execution_time,retrieval_recall,retrieval_precision,retrieval_f1,retrieval_ndcg,retrieval_map,retrieval_mrr,is_best
0.parquet,vectordb,"{'top_k': 10, 'embedding_model': 'bge_m3'}",0.0629665140922253,0.8461538461538461,0.0846153846153846,0.15384615384615388,0.2642131163948607,0.1062652625152625,0.1062652625152625,False
1.parquet,vectordb,"{'top_k': 10, 'embedding_model': 'e5_large'}",0.057054806214112505,0.7692307692307693,0.07692307692307693,0.13986013986013987,0.24279202067910227,0.0994314713064713,0.0994314713064713,False
2.parquet,bm25,"{'top_k': 10, 'bm25_tokenizer': 'ko_kiwi'}",4.495244088081213,0.6634615384615384,0.06634615384615385,0.12062937062937065,0.4873615846808541,0.4327190170940171,0.4327190170940171,True
3.parquet,hybrid_rrf,"{'top_k': 10, 'weight': 3.0, 'target_modules': ('vectordb', 'bm25'), 'target_module_params': ({'top_k': 10, 'embedding_model': 'bge_m3'}, {'top_k': 10, 'bm25_tokenizer': 'ko_kiwi'})}",4.558210602173438,0.6346153846153846,0.06346153846153846,0.11538461538461542,0.273901925440852,0.16421703296703297,0.16421703296703297,False
4.parquet,hybrid_cc,"{'top_k': 10, 'normalize_method': 'tmm', 'weight': 0.0, 'target_modules': ('vectordb', 'bm25'), 'target_module_params': ({'top_k': 10, 'embedding_model': 'bge_m3'}, {'top_k': 10, 'bm25_tokenizer': 'ko_kiwi'})}",4.558210602173438,0.6634615384615384,0.06634615384615385,0.12062937062937065,0.4873615846808541,0.4327190170940171,0.4327190170940171,False
