filename,module_name,module_params,execution_time,retrieval_recall,retrieval_precision,retrieval_f1,retrieval_ndcg,retrieval_map,retrieval_mrr,is_best
0.parquet,vectordb,"{'top_k': 10, 'embedding_model': 'e5_large'}",0.14976183573404947,0.8431372549019608,0.08431372549019607,0.15329768270944746,0.24811471665908344,0.08869696026558771,0.08869696026558771,False
1.parquet,bm25,"{'top_k': 10, 'bm25_tokenizer': 'ko_kiwi'}",4.1793662395352635,0.9150326797385621,0.0915032679738562,0.16636957813428405,0.8156585357659482,0.783994708994709,0.783994708994709,False
2.parquet,hybrid_rrf,"{'top_k': 10, 'weight': 3.0, 'target_modules': ('vectordb', 'bm25'), 'target_module_params': ({'top_k': 10, 'embedding_model': 'e5_large'}, {'top_k': 10, 'bm25_tokenizer': 'ko_kiwi'})}",4.329128075269313,0.8954248366013072,0.08954248366013072,0.16280451574569224,0.4460653934112972,0.30106338831829027,0.30106338831829027,False
3.parquet,hybrid_cc,"{'top_k': 10, 'normalize_method': 'tmm', 'weight': 0.0, 'target_modules': ('vectordb', 'bm25'), 'target_module_params': ({'top_k': 10, 'embedding_model': 'e5_large'}, {'top_k': 10, 'bm25_tokenizer': 'ko_kiwi'})}",4.329128075269313,0.9150326797385621,0.0915032679738562,0.16636957813428405,0.8161251235466593,0.7844849050731405,0.7844849050731405,True
