filename,module_name,module_params,execution_time,retrieval_recall,retrieval_precision,retrieval_f1,retrieval_ndcg,retrieval_map,retrieval_mrr,is_best
0.parquet,vectordb,"{'top_k': 10, 'embedding_model': 'e5_large'}",0.13469533880880055,0.7933884297520661,0.07933884297520659,0.14425244177310298,0.2497386043667887,0.10283353010625738,0.10283353010625738,False
1.parquet,bm25,"{'top_k': 10, 'bm25_tokenizer': 'ko_kiwi'}",4.170808914279149,0.7479338842975206,0.07479338842975207,0.1359879789631856,0.6390024966373704,0.6054046963137872,0.6054046963137872,True
2.parquet,hybrid_rrf,"{'top_k': 10, 'weight': 3.0, 'target_modules': ('vectordb', 'bm25'), 'target_module_params': ({'top_k': 10, 'embedding_model': 'e5_large'}, {'top_k': 10, 'bm25_tokenizer': 'ko_kiwi'})}",4.30550425308795,0.7231404958677686,0.07231404958677685,0.13148009015777612,0.3376301312272043,0.2156893611439066,0.2156893611439066,False
3.parquet,hybrid_cc,"{'top_k': 10, 'normalize_method': 'tmm', 'weight': 0.0, 'target_modules': ('vectordb', 'bm25'), 'target_module_params': ({'top_k': 10, 'embedding_model': 'e5_large'}, {'top_k': 10, 'bm25_tokenizer': 'ko_kiwi'})}",4.30550425308795,0.7479338842975206,0.07479338842975207,0.1359879789631856,0.6390024966373704,0.6054046963137872,0.6054046963137872,False
