filename,module_name,module_params,execution_time,retrieval_recall,retrieval_precision,retrieval_f1,retrieval_ndcg,retrieval_map,retrieval_mrr,is_best
0.parquet,vectordb,"{'top_k': 3, 'embedding_model': 'e5_large'}",0.029689029993744672,0.6598984771573604,0.21996615905245345,0.3299492385786802,0.3686223100072546,0.2707275803722504,0.2707275803722504,False
1.parquet,bm25,"{'top_k': 3, 'bm25_tokenizer': 'ko_kiwi'}",3.109974859934773,0.6548223350253807,0.2182741116751269,0.32741116751269034,0.6052071360949989,0.5879864636209814,0.5879864636209814,False
2.parquet,hybrid_rrf,"{'top_k': 3, 'weight': 3.0, 'target_modules': ('vectordb', 'bm25'), 'target_module_params': ({'top_k': 3, 'embedding_model': 'e5_large'}, {'top_k': 3, 'bm25_tokenizer': 'ko_kiwi'})}",3.1396638899285176,0.6345177664974619,0.21150592216582062,0.31725888324873097,0.40348586278100973,0.3240270727580372,0.3240270727580372,False
3.parquet,hybrid_cc,"{'top_k': 3, 'normalize_method': 'tmm', 'weight': 0.1, 'target_modules': ('vectordb', 'bm25'), 'target_module_params': ({'top_k': 3, 'embedding_model': 'e5_large'}, {'top_k': 3, 'bm25_tokenizer': 'ko_kiwi'})}",3.1396638899285176,0.6548223350253807,0.2182741116751269,0.32741116751269034,0.6064159710841212,0.5896785109983079,0.5896785109983079,True
