filename,module_name,module_params,execution_time,retrieval_recall,retrieval_precision,retrieval_f1,retrieval_ndcg,retrieval_map,retrieval_mrr,is_best
0.parquet,vectordb,"{'top_k': 3, 'embedding_model': 'e5_large'}",0.04355054531457289,0.7169811320754716,0.2389937106918239,0.3584905660377358,0.3854990840128055,0.2743710691823899,0.2743710691823899,False
1.parquet,bm25,"{'top_k': 3, 'bm25_tokenizer': 'ko_kiwi'}",3.487834058842569,0.7075471698113207,0.2358490566037736,0.35377358490566035,0.6649242750168484,0.6501572327044024,0.6501572327044024,True
2.parquet,hybrid_rrf,"{'top_k': 3, 'weight': 3.0, 'target_modules': ('vectordb', 'bm25'), 'target_module_params': ({'top_k': 3, 'embedding_model': 'e5_large'}, {'top_k': 3, 'bm25_tokenizer': 'ko_kiwi'})}",3.5313846041571417,0.6698113207547169,0.2232704402515723,0.33490566037735847,0.4032929212264267,0.3113207547169811,0.3113207547169811,False
3.parquet,hybrid_cc,"{'top_k': 3, 'normalize_method': 'tmm', 'weight': 0.1, 'target_modules': ('vectordb', 'bm25'), 'target_module_params': ({'top_k': 3, 'embedding_model': 'e5_large'}, {'top_k': 3, 'bm25_tokenizer': 'ko_kiwi'})}",3.5313846041571417,0.7075471698113207,0.2358490566037736,0.35377358490566035,0.6602072938847728,0.6438679245283019,0.6438679245283019,False
