filename,module_name,module_params,execution_time,passage_reranker_retrieval_recall,passage_reranker_retrieval_precision,passage_reranker_retrieval_f1,passage_reranker_retrieval_ndcg,passage_reranker_retrieval_map,passage_reranker_retrieval_mrr,is_best
0.parquet,koreranker,{'top_k': 3},0.1545648611508883,0.8153846153846154,0.2717948717948718,0.4076923076923077,0.792672600219782,0.7846153846153846,0.7846153846153846,True
1.parquet,rankgpt,"{'top_k': 3, 'llm': 'openai'}",0.11110084607050968,0.7538461538461538,0.2512820512820513,0.3769230769230769,0.69871551192308,0.6794871794871794,0.6794871794871794,False
2.parquet,upr,"{'top_k': 3, 'prefix_prompt': '단락: ', 'suffix_prompt': '위의 단락을 바탕으로 질문을 작성해주세요.'}",0.18446165231557993,0.46153846153846156,0.15384615384615385,0.23076923076923078,0.34321996208791655,0.3025641025641026,0.3025641025641026,False
