filename,module_name,module_params,execution_time,retrieval_recall,retrieval_precision,retrieval_f1,retrieval_ndcg,retrieval_map,retrieval_mrr,is_best
0.parquet,vectordb,"{'top_k': 10, 'embedding_model': 'e5_large'}",0.09596363703409831,0.6883116883116883,0.06883116883116881,0.12514757969303425,0.21963636232904968,0.09110664467807325,0.09110664467807325,False
1.parquet,vectordb,"{'top_k': 10, 'embedding_model': 'bge_m3'}",0.08963224072477002,0.7662337662337663,0.07662337662337661,0.13931523022432116,0.2369669812892108,0.09258743901601045,0.09258743901601045,False
2.parquet,bm25,"{'top_k': 10, 'bm25_tokenizer': 'ko_kiwi'}",4.593148267630375,0.7705627705627706,0.07705627705627704,0.1401023219205038,0.5656319606155523,0.4999175427746856,0.4999175427746856,True
3.parquet,hybrid_rrf,"{'top_k': 10, 'weight': 3.0, 'target_modules': ('vectordb', 'bm25'), 'target_module_params': ({'top_k': 10, 'embedding_model': 'bge_m3'}, {'top_k': 10, 'bm25_tokenizer': 'ko_kiwi'})}",4.682780508355145,0.7359307359307359,0.0735930735930736,0.13380558835104292,0.32129598314698005,0.19432934790077647,0.19432934790077647,False
4.parquet,hybrid_cc,"{'top_k': 10, 'normalize_method': 'tmm', 'weight': 0.0, 'target_modules': ('vectordb', 'bm25'), 'target_module_params': ({'top_k': 10, 'embedding_model': 'bge_m3'}, {'top_k': 10, 'bm25_tokenizer': 'ko_kiwi'})}",4.682780508355145,0.7705627705627706,0.07705627705627704,0.1401023219205038,0.5656319606155523,0.4999175427746856,0.4999175427746856,False
