filename,module_name,module_params,execution_time,retrieval_recall,retrieval_precision,retrieval_f1,retrieval_ndcg,retrieval_map,retrieval_mrr,is_best
0.parquet,vectordb,"{'top_k': 10, 'embedding_model': 'e5_large'}",0.057879818246719686,0.851063829787234,0.0851063829787234,0.15473887814313345,0.259027546162864,0.09934988179669028,0.09934988179669028,False
1.parquet,bm25,"{'top_k': 10, 'bm25_tokenizer': 'ko_kiwi'}",3.2013749366110944,0.8085106382978723,0.08085106382978725,0.14700193423597677,0.6996650567403008,0.664741641337386,0.664741641337386,True
2.parquet,hybrid_rrf,"{'top_k': 10, 'weight': 3.0, 'target_modules': ('vectordb', 'bm25'), 'target_module_params': ({'top_k': 10, 'embedding_model': 'e5_large'}, {'top_k': 10, 'bm25_tokenizer': 'ko_kiwi'})}",3.259254754857814,0.7872340425531915,0.07872340425531917,0.14313346228239843,0.3791189873099233,0.2501097602161432,0.2501097602161432,False
3.parquet,hybrid_cc,"{'top_k': 10, 'normalize_method': 'tmm', 'weight': 0.0, 'target_modules': ('vectordb', 'bm25'), 'target_module_params': ({'top_k': 10, 'embedding_model': 'e5_large'}, {'top_k': 10, 'bm25_tokenizer': 'ko_kiwi'})}",3.259254754857814,0.8085106382978723,0.08085106382978725,0.14700193423597677,0.6996650567403008,0.664741641337386,0.664741641337386,False
