filename,module_name,module_params,execution_time,passage_reranker_retrieval_recall,passage_reranker_retrieval_precision,passage_reranker_retrieval_f1,passage_reranker_retrieval_ndcg,passage_reranker_retrieval_map,passage_reranker_retrieval_mrr,is_best
0.parquet,koreranker,{'top_k': 3},0.26841934199260575,0.7411167512690355,0.2470389170896785,0.37055837563451777,0.720508767965919,0.7131979695431472,0.7131979695431472,True
1.parquet,rankgpt,"{'top_k': 3, 'llm': 'openai'}",0.16953791821668596,0.7157360406091371,0.23857868020304568,0.35786802030456855,0.6674500777556228,0.6505922165820642,0.6505922165820642,False
2.parquet,upr,"{'top_k': 3, 'prefix_prompt': '단락: ', 'suffix_prompt': '위의 단락을 바탕으로 질문을 작성해주세요.'}",0.32653123715202215,0.4619289340101523,0.1539763113367174,0.23096446700507614,0.39188876546410634,0.3680203045685279,0.3680203045685279,False
