filename,module_name,module_params,execution_time,retrieval_recall,retrieval_precision,retrieval_f1,retrieval_ndcg,retrieval_map,retrieval_mrr,is_best
0.parquet,vectordb,"{'top_k': 10, 'embedding_model': 'bge_m3'}",0.04949069792224515,0.8709677419354839,0.08709677419354837,0.15835777126099712,0.26596869329774503,0.10216013824884794,0.10216013824884794,False
1.parquet,vectordb,"{'top_k': 10, 'embedding_model': 'e5_large'}",0.04794819701102472,0.8387096774193549,0.08387096774193548,0.15249266862170094,0.2621124249622203,0.10554275473630312,0.10554275473630312,False
2.parquet,bm25,"{'top_k': 10, 'bm25_tokenizer': 'ko_kiwi'}",4.511431986285794,0.75,0.075,0.13636363636363644,0.6106154920613872,0.5657770097286227,0.5657770097286227,True
3.parquet,hybrid_rrf,"{'top_k': 10, 'weight': 3.0, 'target_modules': ('vectordb', 'bm25'), 'target_module_params': ({'top_k': 10, 'embedding_model': 'bge_m3'}, {'top_k': 10, 'bm25_tokenizer': 'ko_kiwi'})}",4.560922684208039,0.7419354838709677,0.07419354838709677,0.13489736070381236,0.33669432896429247,0.20995263696876598,0.20995263696876598,False
4.parquet,hybrid_cc,"{'top_k': 10, 'normalize_method': 'tmm', 'weight': 0.0, 'target_modules': ('vectordb', 'bm25'), 'target_module_params': ({'top_k': 10, 'embedding_model': 'bge_m3'}, {'top_k': 10, 'bm25_tokenizer': 'ko_kiwi'})}",4.560922684208039,0.75,0.075,0.13636363636363644,0.6106154920613872,0.5657770097286227,0.5657770097286227,False
