filename,module_name,module_params,execution_time,retrieval_recall,retrieval_precision,retrieval_f1,retrieval_ndcg,retrieval_map,retrieval_mrr,is_best
0.parquet,vectordb,"{'top_k': 10, 'embedding_model': 'e5_large'}",0.08772725288314048,0.7929292929292929,0.07929292929292928,0.14416896235078053,0.24232492694645016,0.09328202661535993,0.09328202661535993,False
1.parquet,vectordb,"{'top_k': 10, 'embedding_model': 'bge_m3'}",0.0854985545379947,0.8535353535353535,0.08535353535353533,0.15518824609733703,0.25510546257459965,0.09377705627705628,0.09377705627705628,False
2.parquet,bm25,"{'top_k': 10, 'bm25_tokenizer': 'ko_kiwi'}",4.615892840154244,0.7626262626262627,0.07626262626262625,0.13865932047750232,0.6259519708552654,0.5825637325637326,0.5825637325637326,True
3.parquet,hybrid_rrf,"{'top_k': 10, 'weight': 3.0, 'target_modules': ('vectordb', 'bm25'), 'target_module_params': ({'top_k': 10, 'embedding_model': 'bge_m3'}, {'top_k': 10, 'bm25_tokenizer': 'ko_kiwi'})}",4.701391394692238,0.7373737373737373,0.07373737373737373,0.13406795224977044,0.3384153988312791,0.21315536315536315,0.21315536315536315,False
4.parquet,hybrid_cc,"{'top_k': 10, 'normalize_method': 'tmm', 'weight': 0.0, 'target_modules': ('vectordb', 'bm25'), 'target_module_params': ({'top_k': 10, 'embedding_model': 'bge_m3'}, {'top_k': 10, 'bm25_tokenizer': 'ko_kiwi'})}",4.701391394692238,0.7626262626262627,0.07626262626262625,0.13865932047750232,0.6259519708552654,0.5825637325637326,0.5825637325637326,False
