filename,module_name,module_params,execution_time,retrieval_recall,retrieval_precision,retrieval_f1,retrieval_ndcg,retrieval_map,retrieval_mrr,is_best
0.parquet,vectordb,"{'top_k': 10, 'embedding_model': 'e5_large'}",0.09889437679974537,0.7783018867924528,0.07783018867924528,0.14150943396226418,0.23750066149928092,0.09106206948188081,0.09106206948188081,False
1.parquet,bm25,"{'top_k': 10, 'bm25_tokenizer': 'ko_kiwi'}",4.568632268680717,0.8349056603773585,0.08349056603773583,0.15180102915951976,0.7092523772003443,0.6705806379155433,0.6705806379155433,True
2.parquet,hybrid_rrf,"{'top_k': 10, 'weight': 3.0, 'target_modules': ('vectordb', 'bm25'), 'target_module_params': ({'top_k': 10, 'embedding_model': 'e5_large'}, {'top_k': 10, 'bm25_tokenizer': 'ko_kiwi'})}",4.6675266454804625,0.8018867924528302,0.080188679245283,0.14579759862778732,0.37847407709872366,0.2447813716681641,0.2447813716681641,False
3.parquet,hybrid_cc,"{'top_k': 10, 'normalize_method': 'tmm', 'weight': 0.0, 'target_modules': ('vectordb', 'bm25'), 'target_module_params': ({'top_k': 10, 'embedding_model': 'e5_large'}, {'top_k': 10, 'bm25_tokenizer': 'ko_kiwi'})}",4.6675266454804625,0.8349056603773585,0.08349056603773583,0.15180102915951976,0.7092523772003443,0.6705806379155433,0.6705806379155433,False
