filename,module_name,module_params,execution_time,passage_reranker_retrieval_recall,passage_reranker_retrieval_precision,passage_reranker_retrieval_f1,passage_reranker_retrieval_ndcg,passage_reranker_retrieval_map,passage_reranker_retrieval_mrr,is_best
0.parquet,koreranker,{'top_k': 3},0.17214395773356855,0.7420814479638009,0.24736048265460026,0.37104072398190047,0.7120214278926978,0.7013574660633484,0.7013574660633484,True
1.parquet,rankgpt,"{'top_k': 3, 'llm': 'openai'}",0.5883612384623532,0.7104072398190046,0.2368024132730015,0.3552036199095023,0.648887663316099,0.6274509803921569,0.6274509803921569,False
2.parquet,upr,"{'top_k': 3, 'prefix_prompt': '단락: ', 'suffix_prompt': '위의 단락을 바탕으로 질문을 작성해주세요.'}",0.21598528089566468,0.416289592760181,0.13876319758672698,0.2081447963800905,0.3393107027957362,0.31297134238310703,0.31297134238310703,False
