filename,module_name,module_params,execution_time,retrieval_recall,retrieval_precision,retrieval_f1,retrieval_ndcg,retrieval_map,retrieval_mrr,is_best
0.parquet,vectordb,"{'top_k': 10, 'embedding_model': 'e5_large'}",0.07797926757484674,0.7890625,0.07890625000000001,0.1434659090909091,0.24958471125096182,0.10311414930555557,0.10311414930555557,False
1.parquet,bm25,"{'top_k': 10, 'bm25_tokenizer': 'ko_kiwi'}",3.122165394946933,0.734375,0.07343749999999999,0.1335227272727273,0.6276380013257328,0.5942925347222222,0.5942925347222222,True
2.parquet,hybrid_rrf,"{'top_k': 10, 'weight': 3.0, 'target_modules': ('vectordb', 'bm25'), 'target_module_params': ({'top_k': 10, 'embedding_model': 'e5_large'}, {'top_k': 10, 'bm25_tokenizer': 'ko_kiwi'})}",3.2001446625217795,0.71484375,0.07148437499999999,0.12997159090909094,0.3265563339531594,0.20428292410714288,0.20428292410714288,False
3.parquet,hybrid_cc,"{'top_k': 10, 'normalize_method': 'tmm', 'weight': 0.0, 'target_modules': ('vectordb', 'bm25'), 'target_module_params': ({'top_k': 10, 'embedding_model': 'e5_large'}, {'top_k': 10, 'bm25_tokenizer': 'ko_kiwi'})}",3.2001446625217795,0.734375,0.07343749999999999,0.1335227272727273,0.6276380013257328,0.5942925347222222,0.5942925347222222,False
