filename,module_name,module_params,execution_time,passage_reranker_retrieval_recall,passage_reranker_retrieval_precision,passage_reranker_retrieval_f1,passage_reranker_retrieval_ndcg,passage_reranker_retrieval_map,passage_reranker_retrieval_mrr,is_best
0.parquet,koreranker,{'top_k': 3},0.1445213771257244,0.8852459016393442,0.29508196721311464,0.4426229508196721,0.8670949059133504,0.860655737704918,0.860655737704918,True
1.parquet,rankgpt,"{'top_k': 3, 'llm': 'openai'}",0.17981634374524727,0.8524590163934426,0.2841530054644808,0.4262295081967213,0.8261112993559734,0.8169398907103825,0.8169398907103825,False
2.parquet,upr,"{'top_k': 3, 'prefix_prompt': '단락: ', 'suffix_prompt': '위의 단락을 바탕으로 질문을 작성해주세요.'}",0.19316236308363618,0.3114754098360656,0.10382513661202183,0.1557377049180328,0.2665878607728347,0.25136612021857924,0.25136612021857924,False
