filename,module_name,module_params,execution_time,retrieval_recall,retrieval_precision,retrieval_f1,retrieval_ndcg,retrieval_map,retrieval_mrr,is_best
0.parquet,vectordb,"{'top_k': 3, 'embedding_model': 'e5_large'}",0.026133608336400504,0.7373737373737373,0.24579124579124575,0.3686868686868687,0.42628370501443386,0.32154882154882164,0.32154882154882164,False
1.parquet,bm25,"{'top_k': 3, 'bm25_tokenizer': 'ko_kiwi'}",3.107717869257686,0.6464646464646465,0.21548821548821545,0.32323232323232326,0.5839322983405513,0.5622895622895623,0.5622895622895623,True
2.parquet,hybrid_rrf,"{'top_k': 3, 'weight': 3.0, 'target_modules': ('vectordb', 'bm25'), 'target_module_params': ({'top_k': 3, 'embedding_model': 'e5_large'}, {'top_k': 3, 'bm25_tokenizer': 'ko_kiwi'})}",3.1338514775940864,0.6161616161616161,0.20538720538720534,0.30808080808080807,0.37848119666306695,0.2971380471380471,0.2971380471380471,False
3.parquet,hybrid_cc,"{'top_k': 3, 'normalize_method': 'tmm', 'weight': 0.1, 'target_modules': ('vectordb', 'bm25'), 'target_module_params': ({'top_k': 3, 'embedding_model': 'e5_large'}, {'top_k': 3, 'bm25_tokenizer': 'ko_kiwi'})}",3.1338514775940864,0.6464646464646465,0.21548821548821545,0.32323232323232326,0.5814070458152988,0.5589225589225588,0.5589225589225588,False
