filename,module_name,module_params,execution_time,retrieval_recall,retrieval_precision,retrieval_f1,retrieval_ndcg,retrieval_map,retrieval_mrr,is_best
0.parquet,vectordb,"{'top_k': 10, 'embedding_model': 'e5_large'}",0.1358895432886653,0.6518324607329843,0.06518324607329842,0.11851499286054262,0.21574397625526343,0.0962914485165794,0.0962914485165794,False
1.parquet,bm25,"{'top_k': 10, 'bm25_tokenizer': 'ko_kiwi'}",3.090025255193261,0.743455497382199,0.07434554973821988,0.13517372679676345,0.5893308135530242,0.5390706806282722,0.5390706806282722,True
2.parquet,hybrid_rrf,"{'top_k': 10, 'weight': 3.0, 'target_modules': ('vectordb', 'bm25'), 'target_module_params': ({'top_k': 10, 'embedding_model': 'e5_large'}, {'top_k': 10, 'bm25_tokenizer': 'ko_kiwi'})}",3.2259147984819263,0.7225130890052356,0.07225130890052354,0.13136601618277013,0.3398680451096799,0.21999085847253386,0.21999085847253386,False
3.parquet,hybrid_cc,"{'top_k': 10, 'normalize_method': 'tmm', 'weight': 0.0, 'target_modules': ('vectordb', 'bm25'), 'target_module_params': ({'top_k': 10, 'embedding_model': 'e5_large'}, {'top_k': 10, 'bm25_tokenizer': 'ko_kiwi'})}",3.2259147984819263,0.743455497382199,0.07434554973821988,0.13517372679676345,0.5893308135530242,0.5390706806282722,0.5390706806282722,False
