filename,module_name,module_params,execution_time,retrieval_recall,retrieval_precision,retrieval_f1,retrieval_ndcg,retrieval_map,retrieval_mrr,is_best
0.parquet,vectordb,"{'top_k': 10, 'embedding_model': 'e5_large'}",0.0887560594649542,0.8142857142857143,0.0814285714285714,0.14805194805194807,0.2563523246866381,0.10512849584278157,0.10512849584278157,False
1.parquet,bm25,"{'top_k': 10, 'bm25_tokenizer': 'ko_kiwi'}",3.152945073445638,0.8,0.07999999999999999,0.14545454545454548,0.6842330407277735,0.6484807256235829,0.6484807256235829,True
2.parquet,hybrid_rrf,"{'top_k': 10, 'weight': 3.0, 'target_modules': ('vectordb', 'bm25'), 'target_module_params': ({'top_k': 10, 'embedding_model': 'e5_large'}, {'top_k': 10, 'bm25_tokenizer': 'ko_kiwi'})}",3.2417011329105923,0.7761904761904762,0.0776190476190476,0.14112554112554115,0.3694619520183391,0.24106953892668181,0.24106953892668181,False
3.parquet,hybrid_cc,"{'top_k': 10, 'normalize_method': 'tmm', 'weight': 0.0, 'target_modules': ('vectordb', 'bm25'), 'target_module_params': ({'top_k': 10, 'embedding_model': 'e5_large'}, {'top_k': 10, 'bm25_tokenizer': 'ko_kiwi'})}",3.2417011329105923,0.8,0.07999999999999999,0.14545454545454548,0.6842330407277735,0.6484807256235829,0.6484807256235829,False
