filename,module_name,module_params,execution_time,retrieval_recall,retrieval_precision,retrieval_f1,retrieval_ndcg,retrieval_map,retrieval_mrr,is_best
0.parquet,vectordb,"{'top_k': 10, 'embedding_model': 'e5_large'}",0.08026052303001528,0.819672131147541,0.08196721311475406,0.14903129657228018,0.2478185416317434,0.09368982565703876,0.09368982565703876,False
1.parquet,bm25,"{'top_k': 10, 'bm25_tokenizer': 'ko_kiwi'}",3.76127164090266,0.8852459016393442,0.08852459016393441,0.16095380029806258,0.7697565264197224,0.7332617746552171,0.7332617746552171,True
2.parquet,hybrid_rrf,"{'top_k': 10, 'weight': 3.0, 'target_modules': ('vectordb', 'bm25'), 'target_module_params': ({'top_k': 10, 'embedding_model': 'e5_large'}, {'top_k': 10, 'bm25_tokenizer': 'ko_kiwi'})}",3.8415321639326754,0.819672131147541,0.08196721311475406,0.14903129657228018,0.3862691745781855,0.2481720010408535,0.2481720010408535,False
3.parquet,hybrid_cc,"{'top_k': 10, 'normalize_method': 'tmm', 'weight': 0.1, 'target_modules': ('vectordb', 'bm25'), 'target_module_params': ({'top_k': 10, 'embedding_model': 'e5_large'}, {'top_k': 10, 'bm25_tokenizer': 'ko_kiwi'})}",3.8415321639326754,0.8852459016393442,0.08852459016393441,0.16095380029806258,0.7671773493043241,0.730119698152485,0.730119698152485,False
