filename,module_name,module_params,execution_time,retrieval_recall,retrieval_precision,retrieval_f1,retrieval_ndcg,retrieval_map,retrieval_mrr,is_best
0.parquet,vectordb,"{'top_k': 10, 'embedding_model': 'e5_large'}",0.0798741173623177,0.8477157360406091,0.08477157360406089,0.1541301338255653,0.26833571579602905,0.11039601965997906,0.11039601965997906,False
1.parquet,bm25,"{'top_k': 10, 'bm25_tokenizer': 'ko_kiwi'}",4.427207551026707,0.7563451776649747,0.07563451776649745,0.13751730502999543,0.6410085697671165,0.6047639191040206,0.6047639191040206,False
2.parquet,hybrid_rrf,"{'top_k': 10, 'weight': 3.0, 'target_modules': ('vectordb', 'bm25'), 'target_module_params': ({'top_k': 10, 'embedding_model': 'e5_large'}, {'top_k': 10, 'bm25_tokenizer': 'ko_kiwi'})}",4.5070816683890245,0.7258883248730964,0.07258883248730963,0.13197969543147212,0.3527373181856659,0.23470711465635324,0.23470711465635324,False
3.parquet,hybrid_cc,"{'top_k': 10, 'normalize_method': 'tmm', 'weight': 0.1, 'target_modules': ('vectordb', 'bm25'), 'target_module_params': ({'top_k': 10, 'embedding_model': 'e5_large'}, {'top_k': 10, 'bm25_tokenizer': 'ko_kiwi'})}",4.5070816683890245,0.7563451776649747,0.07563451776649745,0.13751730502999543,0.6409344696037416,0.6050177262106196,0.6050177262106196,True
