filename,module_name,module_params,execution_time,retrieval_recall,retrieval_precision,retrieval_f1,retrieval_ndcg,retrieval_map,retrieval_mrr,is_best
0.parquet,bm25,"{'top_k': 10, 'bm25_tokenizer': 'ko_kiwi'}",2.9739814523666626,0.7619047619047619,0.07619047619047618,0.13852813852813856,0.5967556586510206,0.5432434702275972,0.5432434702275972,True
1.parquet,vectordb,"{'top_k': 10, 'embedding_model': 'e5_large'}",0.17482276568337093,0.6693121693121693,0.06693121693121692,0.12169312169312173,0.2106466222814199,0.085465482489292,0.085465482489292,False
2.parquet,hybrid_rrf,"{'top_k': 10, 'rrf_k': 10, 'target_modules': ('bm25', 'vectordb'), 'target_module_params': ({'top_k': 10, 'bm25_tokenizer': 'ko_kiwi'}, {'top_k': 10, 'embedding_model': 'e5_large'})}",3.1488042180500333,0.7724867724867724,0.07724867724867723,0.14045214045214047,0.5500074961271922,0.4783247249517091,0.4783247249517091,False
3.parquet,hybrid_rrf,"{'top_k': 10, 'rrf_k': 3, 'target_modules': ('bm25', 'vectordb'), 'target_module_params': ({'top_k': 10, 'bm25_tokenizer': 'ko_kiwi'}, {'top_k': 10, 'embedding_model': 'e5_large'})}",3.1488042180500333,0.7724867724867724,0.07724867724867723,0.14045214045214047,0.5583735701687303,0.49038275804148823,0.49038275804148823,False
4.parquet,hybrid_rrf,"{'top_k': 10, 'rrf_k': 5, 'target_modules': ('bm25', 'vectordb'), 'target_module_params': ({'top_k': 10, 'bm25_tokenizer': 'ko_kiwi'}, {'top_k': 10, 'embedding_model': 'e5_large'})}",3.1488042180500333,0.7724867724867724,0.07724867724867723,0.14045214045214047,0.5602969163592981,0.49224195851179975,0.49224195851179975,False
5.parquet,hybrid_cc,"{'top_k': 10, 'weights': (0.7, 0.3), 'target_modules': ('bm25', 'vectordb'), 'target_module_params': ({'top_k': 10, 'bm25_tokenizer': 'ko_kiwi'}, {'top_k': 10, 'embedding_model': 'e5_large'})}",3.1488042180500333,0.7566137566137566,0.07566137566137565,0.1375661375661376,0.5687988982273282,0.5077139497774418,0.5077139497774418,False
6.parquet,hybrid_dbsf,"{'top_k': 10, 'weights': (0.7, 0.3), 'target_modules': ('bm25', 'vectordb'), 'target_module_params': ({'top_k': 10, 'bm25_tokenizer': 'ko_kiwi'}, {'top_k': 10, 'embedding_model': 'e5_large'})}",3.1488042180500333,0.7619047619047619,0.07619047619047618,0.13852813852813856,0.5693693781743505,0.5060153691106072,0.5060153691106072,False
