filename,module_name,module_params,execution_time,retrieval_recall,retrieval_precision,retrieval_f1,retrieval_ndcg,retrieval_map,retrieval_mrr,is_best
0.parquet,vectordb,"{'top_k': 10, 'embedding_model': 'e5_large'}",0.07264578180615179,0.7918552036199095,0.07918552036199093,0.14397367338543818,0.25333183715690205,0.10641384759031819,0.10641384759031819,False
1.parquet,bm25,"{'top_k': 10, 'bm25_tokenizer': 'ko_kiwi'}",3.3558396807623123,0.746606334841629,0.07466063348416288,0.13574660633484165,0.6210464281397958,0.5813653666594842,0.5813653666594842,True
2.parquet,hybrid_rrf,"{'top_k': 10, 'weight': 3.0, 'target_modules': ('vectordb', 'bm25'), 'target_module_params': ({'top_k': 10, 'embedding_model': 'e5_large'}, {'top_k': 10, 'bm25_tokenizer': 'ko_kiwi'})}",3.428485462568464,0.7285067873303167,0.07285067873303167,0.13245577951460308,0.34191265493666323,0.22108381814264166,0.22108381814264166,False
3.parquet,hybrid_cc,"{'top_k': 10, 'normalize_method': 'tmm', 'weight': 0.0, 'target_modules': ('vectordb', 'bm25'), 'target_module_params': ({'top_k': 10, 'embedding_model': 'e5_large'}, {'top_k': 10, 'bm25_tokenizer': 'ko_kiwi'})}",3.428485462568464,0.746606334841629,0.07466063348416288,0.13574660633484165,0.6210464281397958,0.5813653666594842,0.5813653666594842,False
