filename,module_name,module_params,execution_time,passage_reranker_retrieval_recall,passage_reranker_retrieval_precision,passage_reranker_retrieval_f1,passage_reranker_retrieval_ndcg,passage_reranker_retrieval_map,passage_reranker_retrieval_mrr,is_best
0.parquet,koreranker,{'top_k': 3},0.1484830677509308,0.7068965517241379,0.235632183908046,0.35344827586206895,0.6814434312807902,0.6724137931034483,0.6724137931034483,True
1.parquet,rankgpt,"{'top_k': 3, 'llm': 'openai'}",0.3616811941409933,0.6681034482758621,0.22270114942528735,0.33405172413793105,0.630745760991381,0.617816091954023,0.617816091954023,False
2.parquet,upr,"{'top_k': 3, 'prefix_prompt': '단락: ', 'suffix_prompt': '위의 단락을 바탕으로 질문을 작성해주세요.'}",0.1842783535348958,0.4051724137931034,0.1350574712643678,0.2025862068965517,0.33250997450739217,0.3074712643678161,0.3074712643678161,False
