filename,module_name,module_params,execution_time,passage_reranker_retrieval_recall,passage_reranker_retrieval_precision,passage_reranker_retrieval_f1,passage_reranker_retrieval_ndcg,passage_reranker_retrieval_map,passage_reranker_retrieval_mrr,is_best
0.parquet,koreranker,{'top_k': 3},0.2612688076960576,0.7575757575757576,0.2525252525252525,0.3787878787878788,0.689235805751396,0.6652236652236652,0.6652236652236652,True
1.parquet,rankgpt,"{'top_k': 3, 'llm': 'openai'}",0.16074893278476995,0.6926406926406926,0.23088023088023085,0.3463203463203463,0.5947698654143532,0.5606060606060606,0.5606060606060606,False
2.parquet,upr,"{'top_k': 3, 'prefix_prompt': '단락: ', 'suffix_prompt': '위의 단락을 바탕으로 질문을 작성해주세요.'}",0.32263890179720794,0.36363636363636365,0.12121212121212122,0.18181818181818182,0.2906593683364285,0.2655122655122655,0.2655122655122655,False
