filename,module_name,module_params,execution_time,passage_reranker_retrieval_recall,passage_reranker_retrieval_precision,passage_reranker_retrieval_f1,passage_reranker_retrieval_ndcg,passage_reranker_retrieval_map,passage_reranker_retrieval_mrr,is_best
0.parquet,koreranker,{'top_k': 3},0.2751083578017944,0.7219251336898396,0.24064171122994651,0.3609625668449198,0.7061360322383511,0.7005347593582888,0.7005347593582888,True
1.parquet,upr,"{'top_k': 3, 'prefix_prompt': '단락: ', 'suffix_prompt': '위의 단락을 바탕으로 질문을 작성해주세요.'}",0.2950971802288198,0.42780748663101603,0.142602495543672,0.21390374331550802,0.3561223318563814,0.3315508021390374,0.3315508021390374,False
2.parquet,tart,"{'top_k': 3, 'instruction': '주어진 질문에 답할 수 있는 단락을 찾으세요.'}",0.3343412072900782,0.4117647058823529,0.1372549019607843,0.20588235294117646,0.31964301518335,0.28787878787878785,0.28787878787878785,False
3.parquet,rankgpt,"{'top_k': 3, 'llm': 'openai'}",0.12469896020736286,0.7005347593582888,0.23351158645276288,0.3502673796791444,0.6581345296409492,0.6434937611408199,0.6434937611408199,False
